<?xml version="1.0" encoding="UTF-8"?>
<project-private xmlns="http://www.netbeans.org/ns/project-private/1">
    <editor-bookmarks xmlns="http://www.netbeans.org/ns/editor-bookmarks/2" lastBookmarkId="0"/>
    <open-files xmlns="http://www.netbeans.org/ns/projectui-open-files/2">
        <group>
            <file>file:/C:/Users/User/Documents/NetBeansProjects/21-3-60/src/Doll302.java</file>
            <file>file:/C:/Users/User/Documents/NetBeansProjects/21-3-60/src/Doll4.java</file>
            <file>file:/C:/Users/User/Documents/NetBeansProjects/21-3-60/src/Doll.java</file>
            <file>file:/C:/Users/User/Documents/NetBeansProjects/21-3-60/src/Doll304.java</file>
            <file>file:/C:/Users/User/Documents/NetBeansProjects/21-3-60/src/Doll5.java</file>
            <file>file:/C:/Users/User/Documents/NetBeansProjects/21-3-60/src/Doll2.java</file>
            <file>file:/C:/Users/User/Documents/NetBeansProjects/21-3-60/src/Doll301.java</file>
            <file>file:/C:/Users/User/Documents/NetBeansProjects/21-3-60/src/Doll303.java</file>
        </group>
    </open-files>
</project-private>
